abbreviation,analyte_name,analyte_class,biochemical_name,aliases,formula,lipid_maps,hmdb_id
ADMA,ADMA,biogenic amines,Asymmetric dimethylarginine,ADMA,C8H18N4O2,NA,HMDB0001539
alanine,Ala,aminoacids,Alanine,Alanine,C3H7NO2,NA,HMDB0000161
aminoadipic,alpha-AAA,biogenic amines,alpha-Aminoadipic acid,alpha-Aminoadipic acid,C6H11NO4,NA,HMDB0000510
arginine,Arg,aminoacids,Arginine,Arginine,C6H14N4O2,NA,HMDB0000517
asparagine,Asn,aminoacids,Asparagine,Asparagine,C4H8N2O3,NA,HMDB0000168
aspartic,Asp,aminoacids,Aspartate,Aspartate,C4H7NO4,NA,HMDB0000191
citrulline,Cit,aminoacids,Citrulline,Citrulline,C6H13N3O3,NA,HMDB0000904
creatinine,Creatinine,biogenic amines,Creatinine,Creatinine,C4H7N3O,NA,HMDB0000562
levodopa,DOPA,biogenic amines,Dihydroxyphenylalanine,Levodopa,C9H11NO4,NA,HMDB0000181
glutamine,Gln,aminoacids,Glutamine,Glutamine,C5H10N2O3,NA,HMDB0000641
glutamic,Glu,aminoacids,Glutamate,L-Glutamic Acid,C5H9NO4,NA,HMDB0000148
glycine,Gly,aminoacids,Glycine,Glycine,C2H5NO2,NA,HMDB0000123
histidine,His,aminoacids,Histidine,Histidine,C6H9N3O2,NA,HMDB0000177
histamine,Histamine,biogenic amines,Histamine,Histamine,C5H9N3,NA,HMDB0000870
isoleucine,Ile,aminoacids,Isoleucine,Isoleucine,C6H13NO2,NA,HMDB0000172
kynurenine,Kynurenine,biogenic amines,Kynurenine,Kynureine,C10H12N2O3,NA,HMDB0000684
leucine,Leu,aminoacids,Leucine,Leucine,C6H13NO2,NA,HMDB0000687
lysine,Lys,aminoacids,Lysine,Lysine,C6H14N2O2,NA,HMDB0000182
methionine,Met,aminoacids,Methionine,Methionine,C5H11NO2S,NA,HMDB0000696
methionine_sulfoxide,Met-SO,biogenic amines,Methioninesulfoxide,Methioninesulfoxide,C5H11NO3S,NA,HMDB0002005
ornithine,Orn,aminoacids,Ornithine,Ornithine,C5H12N2O2,NA,HMDB0000214
phenylalanine,Phe,aminoacids,Phenylalanine,Phenylalanine,C9H11NO2,NA,HMDB0000159
proline,Pro,aminoacids,Proline,Proline,C5H9NO2,NA,HMDB0000162
putrescine,Putrescine,biogenic amines,Putrescine,Putrescine,C4H12N2,NA,HMDB0001414
X,Sarcosine,biogenic amines,Sarcosine,Sarcosine,C3H7NO2,NA,HMDB0000271
SDMA,SDMA,biogenic amines,Symmetric dimethylarginine,SDMA,C8H18N4O2,NA,HMDB0003334
serine,Ser,aminoacids,Serine,Serine,C3H7NO3,NA,HMDB0000187
serotonin,Serotonin,biogenic amines,Serotonin,Serotonin,C10H12N2O,NA,HMDB0000259
spermidine,Spermidine,biogenic amines,Spermidine,Spermidine,C7H19N3,NA,HMDB0001257
spermine,Spermine,biogenic amines,Spermine,Spermine,C10H26N4,NA,HMDB0001256
hydroxyproline,t4-OH-Pro,biogenic amines,trans-4-Hydroxyproline,Hydroxyproline,C5H9NO3,NA,HMDB0000725
taurine,Taurine,biogenic amines,Taurine,Taurine,C2H7NO3S,NA,HMDB0000251
threonine,Thr,aminoacids,Threonine,L-Threonine,C4H9NO3,NA,HMDB0000167
tryptophan,Trp,aminoacids,Tryptophan,Tryptophan,C11H12N2O2,NA,HMDB0000929
tyrosine,Tyr,aminoacids,Tyrosine,Tyrosine,C9H11NO3,NA,HMDB0000158
valine,Val,aminoacids,Valine,Valine,C5H11NO2,NA,HMDB0000883
carnitine,C0,acylcarnitines,Carnitine,L-Carnitine,C7H15NO3,NA,HMDB0000062
X,C10,acylcarnitines,Decanoylcarnitine,Decanoylcarnitine,C17H33NO4,NA,HMDB0000651;HMDB0062631
X,C10:1,acylcarnitines,Decenoylcarnitine,Decenoylcarnitine,C17H31NO4,NA,HMDB0013205;HMDB0240585
X,C10:2,acylcarnitines,Decadienylcarnitine,Decadienylcarnitine,C17H29NO4,NA,HMDB0013325
X,C12,acylcarnitines,Dodecanoylcarnitine,Dodecanoylcarnitine,C19H37NO4,NA,HMDB0002250
X,C12-DC,acylcarnitines,Dodecanedioylcarnitine,Dodecanedioylcarnitine,C19H35NO6,NA,HMDB0013327
X,C12:1,acylcarnitines,Dodecenoylcarnitine,Dodecenoylcarnitine,C19H35NO4,NA,HMDB0013326
X,C14,acylcarnitines,Tetradecanoylcarnitine,Tetradecanoylcarnitine,C21H41NO4,NA,HMDB0005066
X,C14:1,acylcarnitines,Tetradecenoylcarnitine,Tetradecenoylcarnitine,C21H39NO4,NA,HMDB0013329;HMDB0002014;HMDB0240588
X,C14:1-OH,acylcarnitines,Hydroxytetradecenoylcarnitine,Hydroxytetradecenoylcarnitine,C21H39NO5,NA,HMDB0013330;HMDB0062517
X,C14:2,acylcarnitines,Tetradecadienylcarnitine,Tetradecadienylcarnitine,C21H37NO4,NA,HMDB0013331
X,C14:2-OH,acylcarnitines,Hydroxytetradecadienylcarnitine,Hydroxytetradecadienylcarnitine,C21H37NO5,NA,HMDB0013332
X,C16,acylcarnitines,Hexadecanoylcarnitine,Hexadecanoylcarnitine,C23H45NO4,NA,HMDB0000222
X,C16-OH,acylcarnitines,Hydroxyhexadecanoylcarnitine,Hydroxyhexadecanoylcarnitine,C23H45NO5,NA,HMDB0013336;HMDB0061642
X,C16:1,acylcarnitines,Hexadecenoylcarnitine,Hexadecenoylcarnitine,C23H43NO4,NA,HMDB0013207;HMDB0006317
X,C16:1-OH,acylcarnitines,Hydroxyhexadecenoylcarnitine,Hydroxyhexadecenoylcarnitine,C23H43NO5,NA,HMDB0013333;HMDB0006210
X,C18,acylcarnitines,Octadecanoylcarnitine,Octadecanoylcarnitine,C25H49NO4,NA,HMDB0000848
X,C18:1,acylcarnitines,Octadecenoylcarnitine,Octadecenoylcarnitine,C25H47NO4,NA,HMDB0094687;HMDB0013338;HMDB0013337;HMDB0006464;HMDB0006351;HMDB0005065
X,C2,acylcarnitines,Acetylcarnitine,Acetylcarnitine,C9H17NO4,NA,HMDB0000201
carnitine_c3,C3,acylcarnitines,Propionylcarnitine,C3 Carnitine,C10H19NO4,NA,HMDB0000824
X,C3-DC (C4-OH),acylcarnitines,Hydroxybutyrylcarnitine,3-Hydroxybutyrylcarnitine,C11H21NO5,NA,HMDB0013127;HMDB0062735;HMDB0002095
X,C3:1,acylcarnitines,Propenoylcarnitine,Propenoylcarnitine,C10H17NO4,NA,HMDB0013124
carnitine_c4,C4,acylcarnitines,Butyrylcarnitine,Butyrylcarnitine,C11H21NO4,NA,HMDB0002013;HMDB0000736
X,C4:1,acylcarnitines,Butenylcarnitine,Butenylcarnitine,C11H19NO4,NA,HMDB0013126
carnitine_c5,C5,acylcarnitines,Valerylcarnitine,Valerylcarnitine,C12H24NO4,NA,HMDB0013128
X,C5-DC (C6-OH),acylcarnitines,Glutarylcarnitine (Hydroxyhexanoylcarnitine),Glutarylcarnitine,C12H21NO6,NA,HMDB0013130;HMDB0013131;HMDB0061633
X,C5-M-DC,acylcarnitines,Methylglutarylcarnitine,Methylglutarylcarnitine,C13H23NO6,NA,HMDB0000552;HMDB0061677
X,C5-OH (C3-DC-M),acylcarnitines,Hydroxyvalerylcarnitine (Methylmalonylcarnitine),Hydroxyvalerylcarnitine,C12H25NO5,NA,HMDB0013132
X,C5:1,acylcarnitines,Tiglylcarnitine,Tiglylcarnitine,C12H21NO4,NA,HMDB0002366
X,C5:1-DC,acylcarnitines,Glutaconylcarnitine,Glutaconylcarnitine,C12H19NO6,NA,HMDB0013129
X,C6 (C4:1-DC),acylcarnitines,Hexanoylcarnitine (Fumarylcarnitine),Hexanoylcarnitine,C13H25NO4,NA,HMDB0000756;HMDB0013134
X,C6:1,acylcarnitines,Hexenoylcarnitine,Hexenoylcarnitine,C13H23NO4,NA,HMDB0013161
X,C8,acylcarnitines,Octanoylcarnitine,Octanoylcarnitine,C15H29NO4,NA,HMDB0000791
X,C9,acylcarnitines,Nonaylcarnitine,Nonaylcarnitine,C16H31NO4,NA,HMDB0013288;HMDB0006320
X,H1,sugars,Hexose,Sugars,NA,NA,NA
X,lysoPC a C14:0,glycerophospholipids,lysoPhosphatidylcholine acyl C14:0,LPC 14:0;PC O-14:0;LPC O-15:0,C22H46NO7P;C23H50NO6P,LMGP01050012;LMGP01050073;LMGP01020009;LMGP01060009,NA
X,lysoPC a C16:0,glycerophospholipids,lysoPhosphatidylcholine acyl C16:0,LPC 16:0;PC O-16:0;LPC O-17:0,C24H50NO7P;C25H54NO6P,LMGP01050018;LMGP01050074;LMGP01020019;LMGP01060013,NA
X,lysoPC a C16:1,glycerophospholipids,lysoPhosphatidylcholine acyl C16:1,LPC 16:1;PC O-17:1,C24H48NO7P;C25H52NO6P,LMGP01050021;LMGP01050022;LMGP01070007,NA
X,lysoPC a C17:0,glycerophospholipids,lysoPhosphatidylcholine acyl C17:0,LPC 17:0;PC O-17:0;LPC O-18:0;PC 16:0,C25H52NO7P;C26H56NO6P;C24H48NO8P,LMGP01050024;LMGP01020004;LMGP01020028;LMGP01080021;LMGP01020024;LMGP01060014;LMGP01010504;LMGP01011251,NA
X,lysoPC a C18:0,glycerophospholipids,lysoPhosphatidylcholine acyl C18:0,LPC 18:0;PC O-18:0;LPC O-19:0,C26H54NO7P;C27H58NO6P,LMGP01050026;LMGP01050076;LMGP01020046;LMGP01060017,NA
X,lysoPC a C18:1,glycerophospholipids,lysoPhosphatidylcholine acyl C18:1,LPC 18:1;PC O-18:1,C26H52NO7P;C26H52NO7P,LMGP01050029;LMGP01050030;LMGP01050032;LMGP01050079;LMGP01050082;LMGP01050138;LMGP01020147;LMGP01030009,NA
X,lysoPC a C18:2,glycerophospholipids,lysoPhosphatidylcholine acyl C18:2,LPC 18:2;PC O-19:2,C26H50NO7P;C27H54NO6P,LMGP01050034;LMGP01050035;LMGP01070010,NA
X,lysoPC a C20:3,glycerophospholipids,lysoPhosphatidylcholine acyl C20:3,LPC 20:3,C28H52NO7P,LMGP01050133;LMGP01050139,NA
X,lysoPC a C20:4,glycerophospholipids,lysoPhosphatidylcholine acyl C20:4,LPC 20:4,C28H50NO7P,LMGP01050048;LMGP01050121;LMGP01050140,NA
X,lysoPC a C24:0,glycerophospholipids,lysoPhosphatidylcholine acyl C24:0,LPC 24:0,C32H66NO7P,LMGP01050057,NA
X,lysoPC a C26:0,glycerophospholipids,lysoPhosphatidylcholine acyl C26:0,LPC 26:0;PC 25:0,C34H70NO7P;C33H66NO8P,LMGP01010001;LMGP01011338;LMGP01010677,NA
X,lysoPC a C26:1,glycerophospholipids,lysoPhosphatidylcholine acyl C26:1,LPC 26:1;PC 25:1,C34H68NO7P;C33H64NO8P,NA,NA
X,lysoPC a C28:0,glycerophospholipids,lysoPhosphatidylcholine acyl C28:0,LPC 28:0;PC 27:0;PC O-28:0,C36H74NO7P;C35H70NO8P,LMGP01010700;LMGP01011244;LMGP01011262;LMGP01011317;LMGP01011409;LMGP01011339;LMGP01011363;LMGP01020176,NA
X,lysoPC a C28:1,glycerophospholipids,lysoPhosphatidylcholine acyl C28:1,LPC 28:1;PC 27:1;PC O-28:1,C35H68NO8P;C36H72NO7P,LMGP01011318;LMGP01011431;LMGP01011340;LMGP01011380;LMGP01030019,NA
X,PC aa C24:0,glycerophospholipids,Phosphatidylcholine diacyl C24:0,PC 24:0,C32H64NO8P,LMGP01010429;LMGP01011228,NA
X,PC aa C26:0,glycerophospholipids,Phosphatidylcholine diacyl C26:0,PC 26:0,C34H68NO8P,LMGP01010388;LMGP01010432;LMGP01010475;LMGP01010456;LMGP01010725;LMGP01011243,NA
X,PC aa C28:1,glycerophospholipids,Phosphatidylcholine diacyl C28:1,PC 28:1;PC O-29:1,C36H70NO8P,LMGP01010392;LMGP01011319;LMGP01011473;LMGP01011341;LMGP01011432;LMGP01011364;LMGP01011381;LMGP01030020,NA
X,PC aa C30:0,glycerophospholipids,Phosphatidylcholine diacyl C30:0,PC 30:0;PC O-31:0,C38H76NO8P;C39H80NO7P,LMGP01010395;LMGP01010995;LMGP01010416;LMGP01010969;LMGP01010438;LMGP01010736;LMGP01010461;LMGP01010702;LMGP01010481;LMGP01010560;LMGP01010530;LMGP01011265;LMGP01020180;LMGP01020194,NA
X,PC aa C30:2,glycerophospholipids,Phosphatidylcholine diacyl C30:2,PC 30:2;PC O-31:2,C38H72NO8P;C39H76NO7P,LMGP01011323;LMGP01011614;LMGP01011345;LMGP01011552;LMGP01011385;LMGP01011476;LMGP01011436;LMGP01030024,NA
X,PC aa C32:0,glycerophospholipids,Phosphatidylcholine diacyl C32:0,PC 32:0;PC O-33:0,C40H80NO8P;C41H84NO7P,LMGP01010397;LMGP01011080;LMGP01010418;LMGP01011062;LMGP01010444;LMGP01010997;LMGP01010463;LMGP01010970;LMGP01010488;LMGP01010739;LMGP01010537;LMGP01010704;LMGP01010564;LMGP01011267;LMGP01020031;LMGP01020197;LMGP01020217,NA
X,PC aa C32:1,glycerophospholipids,Phosphatidylcholine diacyl C32:1,PC 32:1;PC O-33:1,C40H78NO8P;C41H82NO7P,LMGP01010490;LMGP01010492;LMGP01010882;LMGP01012145;LMGP01010566;LMGP01011479;LMGP01011329;LMGP01011805;LMGP01011352;LMGP01011757;LMGP01011389;LMGP01011582;LMGP01011413;LMGP01011525;LMGP01011439;LMGP01011500;LMGP01020183;LMGP01020198;LMGP01030027;LMGP01030050;LMGP01030075,NA
X,PC aa C32:2,glycerophospholipids,Phosphatidylcholine diacyl C32:2,PC 32:2;PC O-33:2,C40H76NO8P;C41H80NO7P,LMGP01011330;LMGP01011835;LMGP01010494;LMGP01010496;LMGP01011616;LMGP01011390;LMGP01011597;LMGP01011414;LMGP01011555;LMGP01010682;LMGP01010684;LMGP01011440;LMGP01011526;LMGP01020184;LMGP01030028;LMGP01030051,NA
X,PC aa C32:3,glycerophospholipids,Phosphatidylcholine diacyl C32:3,PC 32:3;PC O-33:3,C40H74NO8P;C41H78NO7P,LMGP01010497;LMGP01011369;LMGP01011642;LMGP01011673;LMGP01011331;LMGP01011866;LMGP01011391;LMGP01011617;LMGP01011441;LMGP01011556;LMGP01030029,NA
X,PC aa C34:1,glycerophospholipids,Phosphatidylcholine diacyl C34:1,PC 34:1;PC O-35:1,C42H82NO8P;C43H86NO7P,LMGP01011335;LMGP01012004;LMGP01011372;LMGP01011807;LMGP01011397;LMGP01011787;LMGP01011419;LMGP01011760;LMGP01011448;LMGP01011732;LMGP01010005;LMGP01010575;LMGP01010576;LMGP01010578;LMGP01010581;LMGP01010884;LMGP01012146;LMGP01011503;LMGP01011529;LMGP01010744;LMGP01011483;LMGP01020077;LMGP01020186;LMGP01020200;LMGP01020221;LMGP01030034;LMGP01030054;LMGP01030078,NA
X,PC aa C34:2,glycerophospholipids,Phosphatidylcholine diacyl C34:2,PC 34:2;PC O- 35:2,C42H80NO8P;C43H84NO7P,LMGP01011336;LMGP01012035;LMGP01011373;LMGP01011837;LMGP01011398;LMGP01011808;LMGP01011449;LMGP01011761;LMGP01010585;LMGP01010586;LMGP01010587;LMGP01010588;LMGP01010590;LMGP01010591;LMGP01010592;LMGP01010594;LMGP01010920;LMGP01010926;LMGP01010932;LMGP01010678;LMGP01010687;LMGP01010688;LMGP01010887;LMGP01011504;LMGP01011559;LMGP01010727;LMGP01010728;LMGP01010745;LMGP01020201;LMGP01030035;LMGP01030055;LMGP01030079,NA
X,PC aa C34:3,glycerophospholipids,Phosphatidylcholine diacyl C34:3,PC 34:3;PC O-35:3,C42H78NO8P;C43H82NO7P,LMGP01011374;LMGP01011868;LMGP01012127;LMGP01012192;LMGP01011399;LMGP01011838;LMGP01010598;LMGP01010601;LMGP01011646;LMGP01011677;LMGP01010690;LMGP01011620;LMGP01011530;LMGP01011560;LMGP01030056,NA
X,PC aa C34:4,glycerophospholipids,Phosphatidylcholine diacyl C34:4,PC 34:4;PC O-35:4,C42H76NO8P,LMGP01011337;LMGP01012066;LMGP01010506;LMGP01011899;LMGP01012128;LMGP01012209;LMGP01011400;LMGP01011869;LMGP01012132;LMGP01012193;LMGP01010603;LMGP01010604;LMGP01010606;LMGP01010608;LMGP01011706;LMGP01011484;LMGP01011485;LMGP01011647;LMGP01011678;LMGP01010699;LMGP01010731;LMGP01020026,NA
X,PC aa C36:0,glycerophospholipids,Phosphatidylcholine diacyl C36:0,PC 36:0;PC 37:7;PC O-37:0;PC O-38:7,C44H88NO8P;C45H76NO8P;C45H92NO7P;C46H80NO7P,LMGP01010422;LMGP01010449;LMGP01010468;LMGP01010511;LMGP01011085;LMGP01010549;LMGP01011956;LMGP01010616;LMGP01011002;LMGP01011509;LMGP01011735;LMGP01010006;LMGP01011461;LMGP01012102;LMGP01011574;LMGP01011936;LMGP01020080;LMGP01020223;LMGP01020189;LMGP01020207;LMGP01030015;LMGP01090051;LMGP01090052,NA
X,PC aa C36:1,glycerophospholipids,Phosphatidylcholine diacyl C36:1,PC 36:1;PC O-37:1,C44H86NO8P;C45H90NO7P,LMGP01011376;LMGP01012006;LMGP01012129;LMGP01012218;LMGP01011404;LMGP01011980;LMGP01011456;LMGP01011957;LMGP01011468;LMGP01011811;LMGP01011488;LMGP01011790;LMGP01011510;LMGP01011764;LMGP01011537;LMGP01011736;LMGP01010750;LMGP01010751;LMGP01010753;LMGP01010754;LMGP01010758;LMGP01010759;LMGP01010761;LMGP01010840;LMGP01010888;LMGP01020208;LMGP01020224;LMGP01030041;LMGP01030062;LMGP01030082,NA
X,PC aa C36:2,glycerophospholipids,Phosphatidylcholine diacyl C36:2,PC 36:2;PC O-37:2,C44H84NO8P;C45H88NO7P,LMGP01011377;LMGP01012037;LMGP01011405;LMGP01012007;LMGP01012219;LMGP01011469;LMGP01011841;LMGP01011489;LMGP01011812;LMGP01011538;LMGP01011765;LMGP01011567;LMGP01011737;LMGP01010764;LMGP01010765;LMGP01010766;LMGP01010768;LMGP01010836;LMGP01010837;LMGP01010841;LMGP01010849;LMGP01010853;LMGP01010855;LMGP01010857;LMGP01010858;LMGP01010860;LMGP01010862;LMGP01010865;LMGP01010866;LMGP01010868;LMGP01010871;LMGP01010873;LMGP01010876;LMGP01010890;LMGP01020225;LMGP01030063;LMGP01030083,NA
X,PC aa C36:3,glycerophospholipids,Phosphatidylcholine diacyl C36:3,PC 36:3;PC O-37:3,C44H82NO8P;C45H86NO7P,LMGP01011406;LMGP01012038;LMGP01010622;LMGP01010624;LMGP01010627;LMGP01011872;LMGP01011490;LMGP01011842;LMGP01011568;LMGP01011766;LMGP01011588;LMGP01011589;LMGP01011651;LMGP01011682;LMGP01010893;LMGP01010895;LMGP01011624;LMGP01012149;LMGP01030084,NA
X,PC aa C36:4,glycerophospholipids,Phosphatidylcholine diacyl C36:4,PC 36:4;PC O-37:4,C44H80NO8P;C45H84NO7P,LMGP01011378;LMGP01012068;LMGP01010007;LMGP01010629;LMGP01011049;LMGP01011056;LMGP01011491;LMGP01011873;LMGP01012138;LMGP01012195;LMGP01010773;LMGP01010774;LMGP01011711;LMGP01010898;LMGP01011603;LMGP01011652;LMGP01012150;LMGP01012174;LMGP01012178;LMGP01010921;LMGP01010924;LMGP01010927;LMGP01010930;LMGP01020081,NA
X,PC aa C36:5,glycerophospholipids,Phosphatidylcholine diacyl C36:5,PC 36:5,C45H84NO7P,LMGP01020081;LMGP01012130;LMGP01012131;LMGP01012232;LMGP01012234;LMGP01011407;LMGP01012069;LMGP01010633;LMGP01011932;LMGP01010695;LMGP01011305;LMGP01011903;LMGP01012139;LMGP01011604;LMGP01011712;LMGP01012152;LMGP01012182;LMGP01011625;LMGP01011626;LMGP01011653;LMGP01011683,NA
X,PC aa C36:6,glycerophospholipids,Phosphatidylcholine diacyl C36:6,PC 36:6,C44H76NO8P,LMGP01010512;LMGP01012099;LMGP01012134;LMGP01012135;LMGP01012233;LMGP01012235;LMGP01011492;LMGP01011933;LMGP01010956;LMGP01010954;LMGP01011654;LMGP01011684;LMGP01010960;LMGP01011627;LMGP01011713,NA
X,PC aa C38:0,glycerophospholipids,Phosphatidylcholine diacyl C38:0,PC 38:0;PC O-39:0;PC O-40:7,C46H92NO8P;C47H96NO7P;C48H84NO7P,LMGP01010452;LMGP01010470;LMGP01010515;LMGP01010636;LMGP01011983;LMGP01011516;LMGP01011960;LMGP01011550;LMGP01012105;LMGP01010781;LMGP01011004;LMGP01010976;LMGP01020083;LMGP01020212;LMGP01020232;LMGP01030014,NA
X,PC aa C38:1,glycerophospholipids,Phosphatidylcholine diacyl C38:1,PC 38:1;PC 39:8;PC O-39:1,C46H90NO8P;C47H78NO8P;C47H94NO7P,LMGP01010516;LMGP01010638;LMGP01011471;LMGP01012010;LMGP01011494;LMGP01011984;LMGP01011545;LMGP01011961;LMGP01010783;LMGP01010784;LMGP01010785;LMGP01010786;LMGP01011816;LMGP01010879;LMGP01010902;LMGP01011008;LMGP01011009;LMGP01011743;LMGP01011773;LMGP01011580;LMGP01012106;LMGP01020233;LMGP01030069;LMGP01030091,NA
X,PC aa C38:3,glycerophospholipids,Phosphatidylcholine diacyl C38:3,PC 38:3,C46H86NO8P,LMGP01011496;LMGP01012042;LMGP01010795;LMGP01010796;LMGP01010798;LMGP01011877;LMGP01012196;LMGP01011608;LMGP01011847;LMGP01012153;LMGP01012190;LMGP01010942;LMGP01011631;LMGP01011818;LMGP01011659;LMGP01011688;LMGP01011794;LMGP01011795,NA
X,PC aa C38:4,glycerophospholipids,Phosphatidylcholine diacyl C38:4,PC 38:4,C47H94NO7P,LMGP01010642;LMGP01012072;LMGP01010802;LMGP01010804;LMGP01012144;LMGP01011907;LMGP01010904;LMGP01011609;LMGP01011878;LMGP01012154;LMGP01012155;LMGP01012197;LMGP01012198;LMGP01012206;LMGP01011632;LMGP01011848;LMGP01011660;LMGP01011689;LMGP01011819;LMGP01011820;LMGP01011719;LMGP01011796,NA
X,PC aa C38:5,glycerophospholipids,Phosphatidylcholine diacyl C38:5,PC 38:5,C46H82NO8P,LMGP01010645;LMGP01010647;LMGP01011497;LMGP01012073;LMGP01010805;LMGP01010807;LMGP01011937;LMGP01010905;LMGP01011908;LMGP01012156;LMGP01012157;LMGP01012165;LMGP01012208;LMGP01012211;LMGP01011633;LMGP01011879;LMGP01012170;LMGP01012199;LMGP01011661;LMGP01011690;LMGP01011849;LMGP01011850;LMGP01011720;LMGP01011821,NA
X,PC aa C38:6,glycerophospholipids,Phosphatidylcholine diacyl C38:6,PC 38:6,C46H80NO8P,LMGP01010650;LMGP01010652;LMGP01011115;LMGP01011116;LMGP01012137;LMGP01012140;LMGP01012141;LMGP01010844;LMGP01010907;LMGP01011057;LMGP01012216;LMGP01010943;LMGP01011909;LMGP01012171;LMGP01012212;LMGP01011662;LMGP01011691;LMGP01011880;LMGP01011881;LMGP01012175;LMGP01012179;LMGP01012200;LMGP01012201;LMGP01011721;LMGP01011851,NA
X,PC aa C40:1,glycerophospholipids,Phosphatidylcholine diacyl C40:1,PC 40:1;PC O-41:1,C48H94NO8P;C49H98NO7P,LMGP01010659;LMGP01010811;LMGP01011593;LMGP01012015;LMGP01010839;LMGP01010845;LMGP01010909;LMGP01011089;LMGP01011090;LMGP01011091;LMGP01011092;LMGP01011093;LMGP01011094;LMGP01011781;LMGP01011969;LMGP01011017;LMGP01011018;LMGP01011019;LMGP01011020;LMGP01011824;LMGP01030099,NA
X,PC aa C40:2,glycerophospholipids,Phosphatidylcholine diacyl C40:2,PC 40:2,C48H92NO8P,LMGP01012142;LMGP01012239;LMGP01011594;LMGP01012046;LMGP01011611;LMGP01012016;LMGP01012158;LMGP01012166;LMGP01012220;LMGP01012221;LMGP01011636;LMGP01011988;LMGP01011021;LMGP01011854;LMGP01011036;LMGP01011038;LMGP01011042;LMGP01011043,NA
X,PC aa C40:3,glycerophospholipids,Phosphatidylcholine diacyl C40:3,PC 40:3,C48H90NO8P,LMGP01010812;LMGP01011022;LMGP01011799;LMGP01011885;LMGP01012185;LMGP01012202;LMGP01011612;LMGP01012047;LMGP01012159;LMGP01012230;LMGP01011637;LMGP01012017;LMGP01012172;LMGP01012222;LMGP01011666;LMGP01011695;LMGP01011989;LMGP01011990;LMGP01011825;LMGP01011855,NA
X,PC aa C40:4,glycerophospholipids,Phosphatidylcholine diacyl C40:4,PC 40:4,C48H88NO8P,LMGP01010813;LMGP01012077;LMGP01011638;LMGP01012048;LMGP01011667;LMGP01011696;LMGP01012018;LMGP01012019;LMGP01012180;LMGP01012223;LMGP01012224;LMGP01011726;LMGP01011991;LMGP01011023;LMGP01011915;LMGP01012186;LMGP01012213;LMGP01011826;LMGP01011886;LMGP01012187;LMGP01012203;LMGP01011045;LMGP01011856,NA
X,PC aa C40:5,glycerophospholipids,Phosphatidylcholine diacyl C40:5,PC 40:5,C48H86NO8P,LMGP01010816;LMGP01010818;LMGP01011613;LMGP01012078;LMGP01012160;LMGP01012231;LMGP01011668;LMGP01011697;LMGP01012049;LMGP01012050;LMGP01011727;LMGP01012020;LMGP01012183;LMGP01012225;LMGP01011800;LMGP01011827;LMGP01012188;LMGP01012214;LMGP01011857;LMGP01012191;LMGP01012204,NA
X,PC aa C40:6,glycerophospholipids,Phosphatidylcholine diacyl C40:6,PC 40:6,C48H84NO8P,LMGP01010821;LMGP01010823;LMGP01012107;LMGP01010846;LMGP01011639;LMGP01012079;LMGP01011728;LMGP01012051;LMGP01011828;LMGP01011945;LMGP01011858;LMGP01011917;LMGP01011888,NA
X,PC aa C42:0,glycerophospholipids,Phosphatidylcholine diacyl C42:0,PC 42:0,PC 42:0,LMGP01010663;LMGP01010825;LMGP01011150;LMGP01011025;LMGP01011994;LMGP01011072,NA
X,PC aa C42:1,glycerophospholipids,Phosphatidylcholine diacyl C42:1,PC 42:1,C50H98NO8P,LMGP01010826;LMGP01012240;LMGP01010915;LMGP01012236;LMGP01011151;LMGP01011152;LMGP01011026;LMGP01012023;LMGP01012226;LMGP01011830;LMGP01011040;LMGP01011041;LMGP01011097,NA
X,PC aa C42:2,glycerophospholipids,Phosphatidylcholine diacyl C42:2,PC 42:2,C50H96NO8P,LMGP01010665;LMGP01011203;LMGP01012162;LMGP01012167;LMGP01012241;LMGP01012242;LMGP01012173;LMGP01012237;LMGP01011803;LMGP01012054;LMGP01011831;LMGP01012189;LMGP01012024;LMGP01012227;LMGP01011861;LMGP01011995,NA
X,PC aa C42:4,glycerophospholipids,Phosphatidylcholine diacyl C42:4,PC 42:4,C50H92NO8P,LMGP01012177;LMGP01012181;LMGP01012243;LMGP01012244;LMGP01012184;LMGP01012238;LMGP01011804;LMGP01012085;LMGP01011863;LMGP01012056;LMGP01011893;LMGP01012205;LMGP01012207;LMGP01012026;LMGP01012228;LMGP01012229;LMGP01011921;LMGP01012215;LMGP01011997;LMGP01012217,NA
X,PC aa C42:5,glycerophospholipids,Phosphatidylcholine diacyl C42:5,PC 42:5,C50H90NO8P,LMGP01011027;LMGP01011833;LMGP01012086;LMGP01011894;LMGP01012057;LMGP01011922;LMGP01012027;LMGP01011951;LMGP01011998,NA
X,PC aa C42:6,glycerophospholipids,Phosphatidylcholine diacyl C42:6,PC 42:6,C50H88NO8P,LMGP01011028;LMGP01012115;LMGP01011864;LMGP01012087;LMGP01011923;LMGP01012058;LMGP01011952;LMGP01012028,NA
X,PC ae C30:0,glycerophospholipids,Phosphatidylcholine acyl-alkyl C30:0,PC O-30:0;PC 29:0,C38H78NO7P;C37H74NO8P,LMGP01010394;LMGP01010968;LMGP01011320;LMGP01011498;LMGP01011342;LMGP01011462;LMGP01010479;LMGP01011410;LMGP01011035;LMGP01011264;LMGP01011246,NA
X,PC ae C30:1,glycerophospholipids,Phosphatidylcholine acyl-alkyl C30:1,PC O-30:1;PC 29:1,C38H76NO7P;C37H72NO8P,LMGP01020014;LMGP01030021;LMGP01020179;LMGP01030046;LMGP01011321;LMGP01011521;LMGP01011343;LMGP01011474;LMGP01011365;LMGP01011433;LMGP01011382;LMGP01011411;LMGP01010735,NA
X,PC ae C30:2,glycerophospholipids,Phosphatidylcholine acyl-alkyl C30:2,PC O-30:2;PC 29:2,C38H74NO7P;C37H70NO8P,LMGP01030022;LMGP01011322;LMGP01011551;LMGP01011383;LMGP01011434,NA
X,PC ae C32:1,glycerophospholipids,Phosphatidylcholine acyl-alkyl C32:1,PC O-32:1;PC 31:1,C40H80NO7P;C39H76NO8P,LMGP01020016;LMGP01030048;LMGP01090001;LMGP01020182;LMGP01030025;LMGP01020196;LMGP01030074;LMGP01011328;LMGP01011756;LMGP01011347;LMGP01011596;LMGP01011367;LMGP01011523;LMGP01010535;LMGP01011477;LMGP01010002;LMGP01011437;LMGP01011464;LMGP01010008,NA
X,PC ae C32:2,glycerophospholipids,Phosphatidylcholine acyl-alkyl C32:2,PC O-32:2;PC 31:2,C40H78NO7P;C39H74NO8P,LMGP01020017;LMGP01090002;LMGP01090003;LMGP01030133;LMGP01030004;LMGP01090004;LMGP01030049;LMGP01030026;LMGP01011348;LMGP01011615;LMGP01011368;LMGP01011553;LMGP01011387;LMGP01011524;LMGP01011438;LMGP01011478,NA
X,PC ae C34:0,glycerophospholipids,Phosphatidylcholine acyl-alkyl C34:0,PC O-34:0;PC 33:0,C42H86NO7P;C41H82NO8P,LMGP01020033;LMGP01020086;LMGP01080024;LMGP01020076;LMGP01020218;LMGP01010399;LMGP01010419;LMGP01010465;LMGP01010539;LMGP01011583;LMGP01010569;LMGP01011501;LMGP01010971;LMGP01011063,NA
X,PC ae C34:1,glycerophospholipids,Phosphatidylcholine acyl-alkyl C34:1,PC O-34:1;PC 33:1,C42H84NO7P;C41H80NO8P,LMGP01020003;LMGP01020261;LMGP01020152;LMGP01030052;LMGP01020089;LMGP01020256;LMGP01030030;LMGP01020219;LMGP01030076;LMGP01011353;LMGP01011806;LMGP01011371;LMGP01011758;LMGP01011395;LMGP01011731;LMGP01010541;LMGP01011415;LMGP01011442;LMGP01011584;LMGP01010571;LMGP01011527;LMGP01011480;LMGP01011502;LMGP01011598,NA
X,PC ae C34:2,glycerophospholipids,Phosphatidylcholine acyl-alkyl C34:2,PC O-34:2;PC 33:2,C42H82NO7P;C41H78NO8P,LMGP01020039;LMGP01030134;LMGP01090006;LMGP01090007;LMGP01030006;LMGP01030053;LMGP01090009;LMGP01030077;LMGP01011354;LMGP01011396;LMGP01010543;LMGP01011443;LMGP01011465;LMGP01011557;LMGP01011481;LMGP01011528,NA
X,PC ae C34:3,glycerophospholipids,Phosphatidylcholine acyl-alkyl C34:3,PC O-34:3;PC 33:3,C42H80NO7P;C41H76NO8P,LMGP01020041;LMGP01020042;LMGP01020257;LMGP01030008;LMGP01090010;LMGP01030135;LMGP01090011;LMGP01030145;LMGP01011355;LMGP01011867;LMGP01011416;LMGP01011417;LMGP01011644;LMGP01011675;LMGP01011444;LMGP01011619;LMGP01011482;LMGP01011558,NA
X,PC ae C36:0,glycerophospholipids,Phosphatidylcholine acyl-alkyl C36:0,PC O-36:0;PC 35:0;PC 36:7,C44H90NO7P;C43H86NO8P;C44H74NO8P,LMGP01020023;LMGP01020051;LMGP01020122;LMGP01020091;LMGP01010401;LMGP01010421;LMGP01010448;LMGP01011420;LMGP01011788;LMGP01011466;LMGP01011733;LMGP01010709;LMGP01011585;LMGP01011065;LMGP01011375;LMGP01011084;LMGP01011358;LMGP01011408;LMGP01012100;LMGP01011656;LMGP01011685;LMGP01011714;LMGP01011715,NA
X,PC ae C36:1,glycerophospholipids,Phosphatidylcholine acyl-alkyl C36:1,PC O-36:1;PC 35:1;PC 36:8,C44H88NO7P;C43H84NO8P;C45H84NO7P,LMGP01020052;LMGP01030080;LMGP01020187;LMGP01020202;LMGP01030057;LMGP01020222;LMGP01020258;LMGP01030036;LMGP01011359;LMGP01012005;LMGP01011403;LMGP01011955;LMGP01011421;LMGP01011809;LMGP01011450;LMGP01011789;LMGP01011467;LMGP01011762;LMGP01011486;LMGP01011734;LMGP01010711;LMGP01011600;LMGP01011531;LMGP01011586;LMGP01010961;LMGP01011716;LMGP01010964,NA
X,PC ae C36:2,glycerophospholipids,Phosphatidylcholine acyl-alkyl C36:2,PC O-36:2;PC 35:2,C44H86NO7P;C43H82NO8P,LMGP01020188;LMGP01020203;LMGP01030136;LMGP01030146;LMGP01020263;LMGP01030013;LMGP01030130;LMGP01090013;LMGP01030037;LMGP01090036;LMGP01030081;LMGP01011360;LMGP01012036;LMGP01011422;LMGP01011839;LMGP01011451;LMGP01011810;LMGP01011487;LMGP01011763;LMGP01011505;LMGP01011621;LMGP01011532;LMGP01011601;LMGP01011561;LMGP01011587,NA
X,PC ae C36:3,glycerophospholipids,Phosphatidylcholine acyl-alkyl C36:3,PC O-36:3;PC 35:3,C44H84NO7P;C43H80NO8P,LMGP01020053;LMGP01020204;LMGP01020205;LMGP01020262;LMGP01090014;LMGP01090015;LMGP01090017;LMGP01090016;LMGP01030137;LMGP01020264;LMGP01030058;LMGP01030038;LMGP01090037;LMGP01011423;LMGP01011870;LMGP01011452;LMGP01011840;LMGP01011506;LMGP01011507;LMGP01011648;LMGP01011679;LMGP01011533;LMGP01011622;LMGP01011562;LMGP01011602,NA
X,PC ae C36:4,glycerophospholipids,Phosphatidylcholine acyl-alkyl C36:4,PC O-36:4;PC 35:4,C44H82NO7P;C43H78NO8P,LMGP01020054;LMGP01020056;LMGP01020245;LMGP01030039;LMGP01090040;LMGP01090044;LMGP01030129;LMGP01020206;LMGP01030059;LMGP01090026;LMGP01090028;LMGP01030060;LMGP01020270;LMGP01090022;LMGP01090023;LMGP01011361;LMGP01012067;LMGP01011424;LMGP01011901;LMGP01011453;LMGP01011871;LMGP01011508;LMGP01011708;LMGP01011534;LMGP01011535;LMGP01011649;LMGP01011680;LMGP01011563;LMGP01010931;LMGP01011623,NA
X,PC ae C36:5,glycerophospholipids,Phosphatidylcholine acyl-alkyl C36:5,PC O-36:5;PC 35:5,C44H80NO7P;C43H76NO8P,LMGP01020058;LMGP01020259;LMGP01030010;LMGP01030061;LMGP01090032;LMGP01090024;LMGP01090025;LMGP01090030;LMGP01090031;LMGP01011425;LMGP01011930;LMGP01011454;LMGP01011902;LMGP01011536;LMGP01011709;LMGP01011564;LMGP01011565;LMGP01011650;LMGP01011681,NA
X,PC ae C38:0,glycerophospholipids,Phosphatidylcholine acyl-alkyl C38:0,PC O-38:0;PC 37:0;PC 38:7,C46H94NO7P;C45H90NO8P;C46H78NO8P,LMGP01020060;LMGP01020097;LMGP01020226;LMGP01011426;LMGP01011981;LMGP01011470;LMGP01011958;LMGP01011511;LMGP01011791;LMGP01011590;LMGP01010975;LMGP01010696;LMGP01011306;LMGP01012103;LMGP01011634;LMGP01011938;LMGP01011663;LMGP01011692;LMGP01011910;LMGP01011911;LMGP01011722;LMGP01011882,NA
X,PC ae C38:1,glycerophospholipids,Phosphatidylcholine acyl-alkyl C38:1,PC O-38:1;PC 37:1;PC 38:8,C46H92NO7P;C45H88NO8P;C46H76NO8P,LMGP01020190;LMGP01020260;LMGP01030042;LMGP01020099;LMGP01020209;LMGP01030085;LMGP01020265;LMGP01030064;LMGP01020227;LMGP01011427;LMGP01012008;LMGP01011457;LMGP01011982;LMGP01011493;LMGP01011959;LMGP01011512;LMGP01011813;LMGP01011539;LMGP01011792;LMGP01011591;LMGP01011767;LMGP01011605;LMGP01011738;LMGP01011664;LMGP01011693;LMGP01011939;LMGP01011940;LMGP01011723;LMGP01011912,NA
X,PC ae C38:2,glycerophospholipids,Phosphatidylcholine acyl-alkyl C38:2,PC O-38:2;PC 37:2;PC 38:9,C46H90NO7P;C45H86NO8P;C46H74NO8P,LMGP01020191;LMGP01020210;LMGP01020266;LMGP01030065;LMGP01030086;LMGP01020271;LMGP01020228;LMGP01030043;LMGP01011428;LMGP01012039;LMGP01011458;LMGP01012009;LMGP01011513;LMGP01011843;LMGP01011540;LMGP01011814;LMGP01011569;LMGP01011793;LMGP01011606;LMGP01011768;LMGP01011628;LMGP01011739;LMGP01011724;LMGP01011941,NA
X,PC ae C38:3,glycerophospholipids,Phosphatidylcholine acyl-alkyl C38:3,PC O-38:3;PC 37:3,C46H88NO7P;C45H84NO8P,LMGP01020211;LMGP01030044;LMGP01030066;LMGP01030087;LMGP01020229;LMGP01020230;LMGP01011459;LMGP01012040;LMGP01011514;LMGP01011874;LMGP01011541;LMGP01011844;LMGP01011570;LMGP01011815;LMGP01011629;LMGP01011769;LMGP01011657;LMGP01011686;LMGP01011740;LMGP01011741,NA
X,PC ae C38:4,glycerophospholipids,Phosphatidylcholine acyl-alkyl C38:4,PC O-38:4;PC 37:4,C46H86NO7P;C45H82NO8P,LMGP01020192;LMGP01020100;LMGP01020102;LMGP01020247;LMGP01020231;LMGP01030067;LMGP01090041;LMGP01090045;LMGP01030131;LMGP01030138;LMGP01090038;LMGP01090039;LMGP01030088;LMGP01030089;LMGP01011429;LMGP01012070;LMGP01010003;LMGP01011904;LMGP01011542;LMGP01011875;LMGP01011571;LMGP01011845;LMGP01011658;LMGP01011770;LMGP01011771;LMGP01011717;LMGP01011742,NA
X,PC ae C38:5,glycerophospholipids,Phosphatidylcholine acyl-alkyl C38:5,PC O-38:5;PC 37:5,C46H84NO7P;C45H80NO8P,LMGP01020066;LMGP01030045;LMGP01020104;LMGP01020157;LMGP01020267;LMGP01030012;LMGP01090042;LMGP01090043;LMGP01090046;LMGP01090047;LMGP01030090;LMGP01011460;LMGP01012071;LMGP01011515;LMGP01011934;LMGP01011543;LMGP01011905;LMGP01011572;LMGP01011876;LMGP01011718;LMGP01011772,NA
X,PC ae C38:6,glycerophospholipids,Phosphatidylcholine acyl-alkyl C38:6,PC O-38:6;PC 37:6,C46H82NO7P;C45H78NO8P,LMGP01020064;LMGP01030068;LMGP01090048;LMGP01090049;LMGP01011430;LMGP01012101;LMGP01011544;LMGP01011935;LMGP01011573;LMGP01011906,NA
X,PC ae C40:1,glycerophospholipids,Phosphatidylcholine acyl-alkyl C40:1,PC O-40:1;PC 39:1;PC 40:8,C48H96NO7P;C47H92NO8P;C48H80NO8P,LMGP01020213;LMGP01020268;LMGP01030070;LMGP01020235;LMGP01030093;LMGP01011518;LMGP01012012;LMGP01011546;LMGP01011986;LMGP01011610;LMGP01011963;LMGP01011745;LMGP01011822;LMGP01011775;LMGP01011798;LMGP01010947;LMGP01012109;LMGP01011729;LMGP01012082;LMGP01011890;LMGP01011947;LMGP01011047;LMGP01011052,NA
X,PC ae C40:2,glycerophospholipids,Phosphatidylcholine acyl-alkyl C40:2,PC O-40:2;PC 39:2;PC 40:9,C48H94NO7P;C47H90NO8P;C48H78NO8P,LMGP01020214;LMGP01030071;LMGP01020272;LMGP01020236;LMGP01030094;LMGP01011519;LMGP01012043;LMGP01011547;LMGP01012013;LMGP01011576;LMGP01011987;LMGP01011635;LMGP01011964;LMGP01011746;LMGP01011852;LMGP01011776;LMGP01011823;LMGP01011670;LMGP01011699;LMGP01012110;LMGP01012111;LMGP01011919;LMGP01011948,NA
X,PC ae C40:3,glycerophospholipids,Phosphatidylcholine acyl-alkyl C40:3,PC O-40:3;PC 39:3;PC 40:10,C48H92NO7P;C47H88NO8P;C48H76NO8P,LMGP01030072;LMGP01090055;LMGP01030139;LMGP01090053;LMGP01090054;LMGP01030147;LMGP01020237;LMGP01030095;LMGP01020249;LMGP01011548;LMGP01012044;LMGP01011577;LMGP01012014;LMGP01011665;LMGP01011694;LMGP01011965;LMGP01011966;LMGP01011747;LMGP01011883;LMGP01011777;LMGP01011853;LMGP01011730;LMGP01012112;LMGP01011949,NA
X,PC ae C40:4,glycerophospholipids,Phosphatidylcholine acyl-alkyl C40:4,PC O-40:4;PC 39:4,C48H90NO7P;C47H86NO8P,LMGP01020215;LMGP01030140;LMGP01090056;LMGP01090057;LMGP01030148;LMGP01020238;LMGP01020248;LMGP01030096;LMGP01011520;LMGP01012074;LMGP01011578;LMGP01012045;LMGP01011725;LMGP01011967;LMGP01011748;LMGP01011913;LMGP01011778;LMGP01011884,NA
X,PC ae C40:5,glycerophospholipids,Phosphatidylcholine acyl-alkyl C40:5,PC O-40:5;PC 39:5,C48H88NO7P;C47H84NO8P,LMGP01020107;LMGP01020109;LMGP01030073;LMGP01090058;LMGP01020239;LMGP01020274;LMGP01030097;LMGP01010656;LMGP01010719;LMGP01011549;LMGP01012075;LMGP01011749;LMGP01011942;LMGP01011779;LMGP01011914,NA
X,PC ae C40:6,glycerophospholipids,Phosphatidylcholine acyl-alkyl C40:6,PC O-40:6;PC 39:6,C48H86NO7P;C47H82NO8P,LMGP01020110;LMGP01090059;LMGP01030098;LMGP01010720;LMGP01012104;LMGP01011579;LMGP01012076;LMGP01011780;LMGP01011943,NA
X,PC ae C42:0,glycerophospholipids,Phosphatidylcholine acyl-alkyl C42:0,PC O-42:0;PC 41:0;PC 42:7,C50H102NO7P;C49H98NO8P;C50H86NO8P,LMGP01020125;LMGP01011751;LMGP01011992;LMGP01011801;LMGP01011970;LMGP01011130;LMGP01011834;LMGP01012116;LMGP01011895;LMGP01012088;LMGP01011953;LMGP01012059,NA
X,PC ae C42:1,glycerophospholipids,Phosphatidylcholine acyl-alkyl C42:1,PC O-42:1;PC 40:1;PC 42:8,C50H100NO7P;C49H96NO8P,LMGP01020241;LMGP01020269;LMGP01030100;LMGP01020250;LMGP01011752;LMGP01012021;LMGP01011782;LMGP01011993;LMGP01011829;LMGP01011971;LMGP01011865;LMGP01012117;LMGP01011924;LMGP01012089,NA
X,PC ae C42:2,glycerophospholipids,Phosphatidylcholine acyl-alkyl C42:2,PC O-42:2;PC 41:2;PC 42:9,C50H98NO7P;C49H94NO8P;C50H82NO8P,LMGP01020242;LMGP01020273;LMGP01030141;LMGP01030149;LMGP01090060;LMGP01090061;LMGP01030101;LMGP01030132;LMGP01090062;LMGP01011753;LMGP01012052;LMGP01011783;LMGP01012022;LMGP01011860;LMGP01011972;LMGP01011896;LMGP01012118;LMGP01011954;LMGP01012090,NA
X,PC ae C42:3,glycerophospholipids,Phosphatidylcholine acyl-alkyl C42:3,PC O-42:3;PC 41:3;PC 42:10,C50H96NO7P;C49H92NO8P;C50H80NO8P,LMGP01020252;LMGP01020253;LMGP01030102;LMGP01030142;LMGP01030150;LMGP01090063;LMGP01090064;LMGP01011973;LMGP01011891;LMGP01011784;LMGP01012053;LMGP01011891;LMGP01011973;LMGP01011058;LMGP01011925;LMGP01012119,NA
X,PC ae C42:4,glycerophospholipids,Phosphatidylcholine acyl-alkyl C42:4,PC O-42:4;PC 41:4;PC 42:11,C50H94NO7P;C49H90NO8P;C50H78NO8P,LMGP01020243;LMGP01011754;LMGP01012083;LMGP01011920;LMGP01011974;LMGP01011059;LMGP01012120,NA
X,PC ae C42:5,glycerophospholipids,Phosphatidylcholine acyl-alkyl C42:5,PC O-42:5;PC 41:5,C50H92NO7P;C49H88NO8P,LMGP01030103;LMGP01011785;LMGP01012084;LMGP01011950;LMGP01011975,NA
X,PC ae C44:3,glycerophospholipids,Phosphatidylcholine acyl-alkyl C44:3,PC O-44:3;PC 44:10,C52H100NO7P;C52H84NO8P,LMGP01020251;LMGP01020275;LMGP01012096;LMGP01012125,NA
X,PC ae C44:4,glycerophospholipids,Phosphatidylcholine acyl-alkyl C44:4,PC O-44:4;PC 43:4,C52H98NO7P;C51H94NO8P,LMGP01020254;LMGP01020276;LMGP01020277;LMGP01011979;LMGP01012091,NA
X,PC ae C44:5,glycerophospholipids,Phosphatidylcholine acyl-alkyl C44:5,PC O-44:5;PC 44:12,C52H96NO7P;C52H80NO8P,LMGP01020278;LMGP01011119,NA
X,PC ae C44:6,glycerophospholipids,Phosphatidylcholine acyl-alkyl C44:6,PC O-44:6;PC 43:6,C52H94NO7P;C51H90NO8P,LMGP01010004;LMGP01012121,NA
X,SM (OH) C14:1,sphingolipids,Hydroxysphingomyeline C14:1,SM OH-32:2;SM 33:1,C38H77N2O6P,LMSP03010037;LMSP03010038,NA
X,SM (OH) C16:1,sphingolipids,Hydroxysphingomyeline C16:1,SM OH-34:2;SM 35:1,C40H81N2O6P,LMSP03010044;LMSP03010045,NA
X,SM (OH) C22:1,sphingolipids,Hydroxysphingomyeline C22:1,SM OH-40:2;SM 41:1,C46H93N2O6P,LMSP03010076;LMSP03010077;LMSP03010078,NA
X,SM (OH) C22:2,sphingolipids,Hydroxysphingomyeline C22:2,SM OH-40:3;SM 41:2,C46H91N2O6P,LMSP03010074;LMSP03010075,NA
X,SM (OH) C24:1,sphingolipids,Hydroxysphingomyeline C24:1,SM OH-42:2;SM 43:1,C48H97N2O6P,LMSP03010027;LMSP03010085;LMSP03010086;LMSP03010087,NA
X,SM C16:0,sphingolipids,Sphingomyeline C16:0,SM 34:1,C39H79N2O6P,LMSP03010042;LMSP03010043;LMSP03010003,NA
X,SM C16:1,sphingolipids,Sphingomyeline C16:1,SM 34:2,C39H77N2O6P,LMSP03010040;LMSP03010041;LMSP03010090,NA
X,SM C18:0,sphingolipids,Sphingomyeline C18:0,SM 36:1,C41H83N2O6P,LMSP03010052;LMSP03010031;LMSP03010001,NA
X,SM C18:1,sphingolipids,Sphingomyeline C18:1,SM 36:2,C41H81N2O6P,LMSP03010048;LMSP03010049;LMSP03010029;LMSP03010050;LMSP03010051,NA
X,SM C20:2,sphingolipids,Sphingomyeline C20:2,SM 38:3,C43H83N2O6P,LMSP03010057,NA
X,SM C24:0,sphingolipids,Sphingomyeline C24:0,SM 42:1,C47H95N2O6P,LMSP03010023;LMSP03010008,NA
X,SM C24:1,sphingolipids,Sphingomyeline C24:1,SM 42:2,C47H93N2O6P,LMSP03010007;LMSP03010081,NA
X,SM C26:0,sphingolipids,Sphingomyeline C26:0,SM 44:1,C49H99N2O6P,LMSP03010010;LMSP03010025;LMSP03010088,NA
X,SM C26:1,sphingolipids,Sphingomyeline C26:1,SM 44:2,C49H97N2O6P,LMSP03010009,NA
